Technique;Runtime_seconds
SMX;101.3350260257721
Permutation;48.15344500541687
