Technique;Runtime_seconds
Permutation;180.29283356666565
SMX;143.08665823936462
