Technique;Runtime_seconds
Permutation;129.924742937088
SMX;193.5580587387085
