Technique;Runtime_seconds
Permutation;175.7059829235077
SMX;171.8440182209015
