Technique;Runtime_seconds
Permutation;147.749165058136
SMX;172.8888943195343
