Technique;Runtime_seconds
SMX;82.93888139724731
Permutation;45.321124792099
