Technique;Runtime_seconds
SMX;30.06485080718994
Permutation;13.838013172149658
