Technique;Runtime_seconds
Permutation;126.14507913589478
SMX;112.1824209690094
