Technique;Runtime_seconds
SMX;70.03202390670776
Permutation;44.35928273200989
