Technique;Runtime_seconds
Permutation;220.12915897369385
SMX;115.38286852836609
