Technique;Runtime_seconds
Permutation;43.13912296295166
SMX;54.711596965789795
