Technique;Runtime_seconds
SMX;95.68815279006958
Permutation;53.173301696777344
