Technique;Runtime_seconds
SMX;36.88252973556519
Permutation;15.977678060531616
