Technique;Runtime_seconds
Permutation;28.928319931030277
SMX;24.741666316986084
