Technique;Runtime_seconds
SMX;86.69277906417847
Permutation;53.25703525543213
