Technique;Runtime_seconds
Permutation;213.75758934021
SMX;99.74261856079102
