Technique;Runtime_seconds
SMX;55.49749159812927
Permutation;19.24512529373169
