Technique;Runtime_seconds
Permutation;95.96209836006165
SMX;84.76526999473572
