Technique;Runtime_seconds
Permutation;2479.137775659561
SMX;493.41039633750916
