Technique;Runtime_seconds
SMX;251.9198942184448
Permutation;370.203195810318
