Technique;Runtime_seconds
Permutation;52.379132986068726
SMX;139.47122478485107
