Technique;Runtime_seconds
SMX;109.61630344390868
Permutation;44.547152280807495
