Technique;Runtime_seconds
Permutation;64.10051846504211
SMX;49.69440770149231
