Technique;Runtime_seconds
SMX;24.040250062942505
Permutation;8.843405961990356
