Technique;Runtime_seconds
SMX;56.04559278488159
Permutation;63.15376091003418
