Technique;Runtime_seconds
SMX;85.4821994304657
Permutation;43.841920614242554
